{
    "hapi": {
        "dependency_failures": [
        ],
        "hcode": 0,
        "hmessage": "Successfully created install set. Update required",
        "hotfix_tasks": [
        ],
        "install_set": {
            "Description": "Gen11 Service Pack for ProLiant",
            "Name": "bp007082",
            "Sequence": [
                {
                    "additionalProperties": {
                        "Criticality": "Recommended"
                    },
                    "Command": "ApplyUpdate",
                    "Configuration": "",
                    "Criticality": "Recommended",
                    "ExecutionTimeoutMinutes": 10,
                    "Filename": "ilo6_163.fwpkg",
                    "Name": "Online ROM Flash Firmware Package - HPE Integrated Lights-Out 6",
                    "UpdatableBy": [
                        "Bmc"
                    ],
                    "WaitTimeSeconds": 0
                },
                {
                    "additionalProperties": {
                        "Criticality": "Recommended"
                    },
                    "Command": "ApplyUpdate",
                    "Configuration": "",
                    "Criticality": "Recommended",
                    "ExecutionTimeoutMinutes": 4,
                    "Filename": "PICGen11-1.0.4-1.fwpkg",
                    "Name": "ROM Flash Firmware Package - Advanced Power Capping Microcontro",
                    "UpdatableBy": [
                        "Bmc"
                    ],
                    "WaitTimeSeconds": 0
                },
                {
                    "additionalProperties": {
                        "Criticality": "Recommended"
                    },
                    "Command": "ApplyUpdate",
                    "Configuration": "",
                    "Criticality": "Recommended",
                    "ExecutionTimeoutMinutes": 5,
                    "Filename": "A55_1.70_09_05_2024.fwpkg",
                    "Name": "ROM Flash Universal Firmware Package - HPE ProLiant DL365/DL385",
                    "UpdatableBy": [
                        "Bmc"
                    ],
                    "WaitTimeSeconds": 0
                },
                {
                    "additionalProperties": {
                        "Criticality": "Recommended"
                    },
                    "Command": "ApplyUpdate",
                    "Configuration": "",
                    "Criticality": "Recommended",
                    "ExecutionTimeoutMinutes": 5,
                    "Filename": "HPE_SR416_SR932_Gen10P_Gen11_03.01.30.106_A.fwpkg",
                    "Name": "Firmware Package - HPE SR932i-p Gen10 Plus /SR416i-a Gen10 Plus",
                    "UpdatableBy": [
                        "Bmc"
                    ],
                    "WaitTimeSeconds": 0
                }
            ]
        },
        "sequence_details": [
            {
                "ComponentName": "ilo6_163.fwpkg",
                "Filename": "ilo6_163.fwpkg",
                "InstalledVersion": [
                    {
                        "Target": "e6d3c844-14a6-4f1f-84a3-c06013910306",
                        "Version": "1.58"
                    }
                ],
                "PackageVersion": "1.63",
                "Update": "Update required"
            },
            {
                "ComponentName": "PICGen11-1.0.4-1.fwpkg",
                "Filename": "PICGen11-1.0.4-1.fwpkg",
                "InstalledVersion": [
                    {
                        "Target": "00000000-0000-0000-0000-000000504e05",
                        "Version": "1.0.2"
                    }
                ],
                "PackageVersion": "1.0.4",
                "Update": "Update required"
            },
            {
                "ComponentName": "A55_1.70_09_05_2024.fwpkg",
                "Filename": "A55_1.70_09_05_2024.fwpkg",
                "InstalledVersion": [
                    {
                        "Target": "00000000-0000-0000-0000-000000000243",
                        "Version": "A55 1.58  - (01/04/2024)"
                    }
                ],
                "PackageVersion": "A55 1.70 - (09/05/2024)",
                "Update": "Update required"
            },
            {
                "ComponentName": "HPE_SR416_SR932_Gen10P_Gen11_03.01.30.106_A.fwpkg",
                "Filename": "HPE_SR416_SR932_Gen10P_Gen11_03.01.30.106_A.fwpkg",
                "InstalledVersion": [
                    {
                        "Target": "a6b1a447-382a-5a4f-9005-028f15900381",
                        "Version": "03.01.23.072"
                    }
                ],
                "PackageVersion": "03.01.30.106",
                "Update": "Update required"
            }
        ],
        "session_id": "t254756226"
    }
}