{
    "hapi": {
        "baseline_uri": "/mnt/fwbundles/Gen11SPP2024090100_2024_1209_4/packages/",
        "delete_logs": false,
        "downgrade": false,
        "firmware": true,
        "HostOS": {
            "OsName": "SLES",
            "OsSysDescription": "Linux linux-hiln 4.4.21-69-default #1 SMP Tue Oct 25 10:58:20 UTC 2016 (9464f67) x86_64",
            "OsType": 43,
            "OsVersion": "12.2"
        },
        "hotfix_uri": "",
        "ip": "172.21.8.18",
        "is_rollback": false,
        "os_agnostic_compatible": true,
        "parentTaskUri": "/rest/tasks/5ff9c3e9-52a0-4f27-a3c4-9467b99274a2",
        "PLDMFirmwareUpdate": true,
        "processor_vendor": "AMD EPYC 9124 16-Core Processor                ",
        "rewrite": false,
        "server_inventory": {
            "fw_inventory": [
                {
                    "@odata.context": "/redfish/v1/$metadata#SoftwareInventory.SoftwareInventory",
                    "@odata.id": "/redfish/v1/UpdateService/FirmwareInventory/1/",
                    "@odata.type": "#SoftwareInventory.v1_2_0.SoftwareInventory",
                    "Description": "SystemBMC",
                    "Id": "1",
                    "Name": "iLO 6",
                    "Oem": {
                        "Hpe": {
                            "@odata.context": "/redfish/v1/$metadata#HpeiLOSoftwareInventory.HpeiLOSoftwareInventory",
                            "@odata.type": "#HpeiLOSoftwareInventory.v2_1_0.HpeiLOSoftwareInventory",
                            "DeviceClass": "2f317b9d-c9e3-4d76-bff6-b9d0d085a952",
                            "DeviceContext": "System Board",
                            "Targets": [
                                "e6d3c844-14a6-4f1f-84a3-c06013910306"
                            ]
                        }
                    },
                    "Status": {
                        "Health": "OK",
                        "State": "Enabled"
                    },
                    "Updateable": true,
                    "Version": "1.58 Mar 22 2024"
                },
                {
                    "@odata.context": "/redfish/v1/$metadata#SoftwareInventory.SoftwareInventory",
                    "@odata.id": "/redfish/v1/UpdateService/FirmwareInventory/2/",
                    "@odata.type": "#SoftwareInventory.v1_2_0.SoftwareInventory",
                    "Description": "SystemRomActive",
                    "Id": "2",
                    "Name": "System ROM",
                    "Oem": {
                        "Hpe": {
                            "@odata.context": "/redfish/v1/$metadata#HpeiLOSoftwareInventory.HpeiLOSoftwareInventory",
                            "@odata.type": "#HpeiLOSoftwareInventory.v2_1_0.HpeiLOSoftwareInventory",
                            "DeviceClass": "aa148d2e-6e09-453e-bc6f-63baa5f5ccc4",
                            "DeviceContext": "System Board",
                            "Targets": [
                                "00000000-0000-0000-0000-000000000243",
                                "00000000-0000-0000-0000-000001413535",
                                "00000000-0000-0000-0001-000000010243",
                                "00000000-0000-0000-0001-000000020243"
                            ]
                        }
                    },
                    "Status": {
                        "Health": "OK",
                        "State": "Enabled"
                    },
                    "Updateable": true,
                    "Version": "A55 v1.58 (01/04/2024)"
                },
                {
                    "@odata.context": "/redfish/v1/$metadata#SoftwareInventory.SoftwareInventory",
                    "@odata.id": "/redfish/v1/UpdateService/FirmwareInventory/3/",
                    "@odata.type": "#SoftwareInventory.v1_2_0.SoftwareInventory",
                    "Description": "PlatformDefinitionTable",
                    "Id": "3",
                    "Name": "Intelligent Platform Abstraction Data",
                    "Oem": {
                        "Hpe": {
                            "@odata.context": "/redfish/v1/$metadata#HpeiLOSoftwareInventory.HpeiLOSoftwareInventory",
                            "@odata.type": "#HpeiLOSoftwareInventory.v2_1_0.HpeiLOSoftwareInventory",
                            "DeviceClass": "b8f46d06-85db-465c-94fb-d106e61378ed",
                            "DeviceContext": "System Board",
                            "Targets": [
                                "00000000-0000-0000-0000-000000000243",
                                "00000000-0000-0000-0000-000001413535",
                                "00000000-0000-0000-0001-000000010243",
                                "00000000-0000-0000-0001-000000020243"
                            ]
                        }
                    },
                    "Updateable": true,
                    "Version": "9.4.0 Build 43"
                },
                {
                    "@odata.context": "/redfish/v1/$metadata#SoftwareInventory.SoftwareInventory",
                    "@odata.id": "/redfish/v1/UpdateService/FirmwareInventory/4/",
                    "@odata.type": "#SoftwareInventory.v1_2_0.SoftwareInventory",
                    "Description": "SystemProgrammableLogicDevice",
                    "Id": "4",
                    "Name": "System Programmable Logic Device",
                    "Oem": {
                        "Hpe": {
                            "@odata.context": "/redfish/v1/$metadata#HpeiLOSoftwareInventory.HpeiLOSoftwareInventory",
                            "@odata.type": "#HpeiLOSoftwareInventory.v2_1_0.HpeiLOSoftwareInventory",
                            "DeviceClass": "b1ad439a-9dd1-41c1-a496-2da9313f1f07",
                            "DeviceContext": "System Board",
                            "Targets": [
                                "00000000-0000-0000-0001-000000010243"
                            ]
                        }
                    },
                    "Status": {
                        "Health": "OK",
                        "State": "Enabled"
                    },
                    "Updateable": true,
                    "Version": "0x0F"
                },
                {
                    "@odata.context": "/redfish/v1/$metadata#SoftwareInventory.SoftwareInventory",
                    "@odata.id": "/redfish/v1/UpdateService/FirmwareInventory/5/",
                    "@odata.type": "#SoftwareInventory.v1_2_0.SoftwareInventory",
                    "Description": "PowerManagementController",
                    "Id": "5",
                    "Name": "Power Management Controller Firmware",
                    "Oem": {
                        "Hpe": {
                            "@odata.context": "/redfish/v1/$metadata#HpeiLOSoftwareInventory.HpeiLOSoftwareInventory",
                            "@odata.type": "#HpeiLOSoftwareInventory.v2_1_0.HpeiLOSoftwareInventory",
                            "DeviceClass": "9e48a28a-586c-4519-8405-a04f84e27f0f",
                            "DeviceContext": "System Board",
                            "Targets": [
                                "00000000-0000-0000-0000-000000000243",
                                "00000000-0000-0000-0000-000000504e05",
                                "00000000-0000-0000-0001-000000010243",
                                "00000000-0000-0000-0001-000000020243"
                            ]
                        }
                    },
                    "Updateable": true,
                    "Version": "1.0.2"
                },
                {
                    "@odata.context": "/redfish/v1/$metadata#SoftwareInventory.SoftwareInventory",
                    "@odata.id": "/redfish/v1/UpdateService/FirmwareInventory/6/",
                    "@odata.type": "#SoftwareInventory.v1_2_0.SoftwareInventory",
                    "Description": "PowerSupplies",
                    "Id": "6",
                    "Name": "Power Supply Firmware",
                    "Oem": {
                        "Hpe": {
                            "@odata.context": "/redfish/v1/$metadata#HpeiLOSoftwareInventory.HpeiLOSoftwareInventory",
                            "@odata.type": "#HpeiLOSoftwareInventory.v2_1_0.HpeiLOSoftwareInventory",
                            "DeviceClass": "6bb86077-0275-4614-aae1-86618e8b1c27",
                            "DeviceContext": "Bay 1",
                            "Targets": [
                                "0502bb05-0002-0000-0000-0cf38db966ea"
                            ]
                        }
                    },
                    "Updateable": true,
                    "Version": "2.01"
                },
                {
                    "@odata.context": "/redfish/v1/$metadata#SoftwareInventory.SoftwareInventory",
                    "@odata.id": "/redfish/v1/UpdateService/FirmwareInventory/7/",
                    "@odata.type": "#SoftwareInventory.v1_2_0.SoftwareInventory",
                    "Description": "SystemRomBackup",
                    "Id": "7",
                    "Name": "Redundant System ROM",
                    "Oem": {
                        "Hpe": {
                            "@odata.context": "/redfish/v1/$metadata#HpeiLOSoftwareInventory.HpeiLOSoftwareInventory",
                            "@odata.type": "#HpeiLOSoftwareInventory.v2_1_0.HpeiLOSoftwareInventory",
                            "DeviceClass": null,
                            "DeviceContext": "System Board"
                        }
                    },
                    "Updateable": true,
                    "Version": "A55 v1.58 (01/04/2024)"
                },
                {
                    "@odata.context": "/redfish/v1/$metadata#SoftwareInventory.SoftwareInventory",
                    "@odata.id": "/redfish/v1/UpdateService/FirmwareInventory/8/",
                    "@odata.type": "#SoftwareInventory.v1_2_0.SoftwareInventory",
                    "Description": "Intelligent Provisioning",
                    "Id": "8",
                    "Name": "Intelligent Provisioning",
                    "Oem": {
                        "Hpe": {
                            "@odata.context": "/redfish/v1/$metadata#HpeiLOSoftwareInventory.HpeiLOSoftwareInventory",
                            "@odata.type": "#HpeiLOSoftwareInventory.v2_1_0.HpeiLOSoftwareInventory",
                            "DeviceClass": "ac963eeb-ed78-4f36-c18c-29d85f34a0ac",
                            "DeviceContext": "System Board"
                        }
                    },
                    "Updateable": true,
                    "Version": "4.33.5"
                },
                {
                    "@odata.context": "/redfish/v1/$metadata#SoftwareInventory.SoftwareInventory",
                    "@odata.id": "/redfish/v1/UpdateService/FirmwareInventory/9/",
                    "@odata.type": "#SoftwareInventory.v1_2_0.SoftwareInventory",
                    "Description": "PowerManagementControllerBootloader",
                    "Id": "9",
                    "Name": "Power Management Controller FW Bootloader",
                    "Oem": {
                        "Hpe": {
                            "@odata.context": "/redfish/v1/$metadata#HpeiLOSoftwareInventory.HpeiLOSoftwareInventory",
                            "@odata.type": "#HpeiLOSoftwareInventory.v2_1_0.HpeiLOSoftwareInventory",
                            "DeviceClass": null,
                            "DeviceContext": "System Board"
                        }
                    },
                    "Updateable": true,
                    "Version": "1.1"
                },
                {
                    "@odata.context": "/redfish/v1/$metadata#SoftwareInventory.SoftwareInventory",
                    "@odata.id": "/redfish/v1/UpdateService/FirmwareInventory/10/",
                    "@odata.type": "#SoftwareInventory.v1_2_0.SoftwareInventory",
                    "Description": "SmartStorageEnergyPack",
                    "Id": "10",
                    "Name": "HPE Smart Storage Energy Pack 1 Firmware",
                    "Oem": {
                        "Hpe": {
                            "@odata.context": "/redfish/v1/$metadata#HpeiLOSoftwareInventory.HpeiLOSoftwareInventory",
                            "@odata.type": "#HpeiLOSoftwareInventory.v2_1_0.HpeiLOSoftwareInventory",
                            "DeviceClass": null,
                            "DeviceContext": "Embedded Device"
                        }
                    },
                    "Updateable": false,
                    "Version": "0.70"
                },
                {
                    "@odata.context": "/redfish/v1/$metadata#SoftwareInventory.SoftwareInventory",
                    "@odata.id": "/redfish/v1/UpdateService/FirmwareInventory/11/",
                    "@odata.type": "#SoftwareInventory.v1_2_0.SoftwareInventory",
                    "Description": "TrustedPlatformModule20",
                    "Id": "11",
                    "Name": "TPM Firmware",
                    "Oem": {
                        "Hpe": {
                            "@odata.context": "/redfish/v1/$metadata#HpeiLOSoftwareInventory.HpeiLOSoftwareInventory",
                            "@odata.type": "#HpeiLOSoftwareInventory.v2_1_0.HpeiLOSoftwareInventory",
                            "DeviceClass": "fcbe6477-5c25-4488-b197-695bb8123b11",
                            "DeviceContext": "System Board",
                            "Targets": [
                                "1118c237-4924-4fb4-a6d0-1402ac4e2c05"
                            ]
                        }
                    },
                    "Updateable": false,
                    "Version": "1.512"
                },
                {
                    "@odata.context": "/redfish/v1/$metadata#SoftwareInventory.SoftwareInventory",
                    "@odata.id": "/redfish/v1/UpdateService/FirmwareInventory/12/",
                    "@odata.type": "#SoftwareInventory.v1_2_0.SoftwareInventory",
                    "Description": "14e416d714e41596",
                    "Id": "12",
                    "Name": "10/25Gb 2-port SFP28 BCM57414 OCP3 Adapter",
                    "Oem": {
                        "Hpe": {
                            "@odata.context": "/redfish/v1/$metadata#HpeiLOSoftwareInventory.HpeiLOSoftwareInventory",
                            "@odata.type": "#HpeiLOSoftwareInventory.v2_1_0.HpeiLOSoftwareInventory",
                            "DeviceClass": null,
                            "DeviceContext": "OCP 3.0 Slot 22",
                            "DeviceInstance": "PciRoot(0x3)/Pci(0x1,0x2)/Pci(0x0,0x0)",
                            "Targets": [
                                "a6b1a447-382a-5a4f-14e4-16d714e41596"
                            ]
                        }
                    },
                    "Updateable": false,
                    "Version": "230.1.123.0"
                },
                {
                    "@odata.context": "/redfish/v1/$metadata#SoftwareInventory.SoftwareInventory",
                    "@odata.id": "/redfish/v1/UpdateService/FirmwareInventory/13/",
                    "@odata.type": "#SoftwareInventory.v1_2_0.SoftwareInventory",
                    "Description": "1b4b224115900379",
                    "Id": "13",
                    "Name": "HPE NS204i-u Gen11 Boot Controller",
                    "Oem": {
                        "Hpe": {
                            "@odata.context": "/redfish/v1/$metadata#HpeiLOSoftwareInventory.HpeiLOSoftwareInventory",
                            "@odata.type": "#HpeiLOSoftwareInventory.v2_1_0.HpeiLOSoftwareInventory",
                            "DeviceClass": null,
                            "DeviceContext": "PCI-E Slot 23",
                            "DeviceInstance": "PciRoot(0x2)/Pci(0x5,0x1)/Pci(0x0,0x0)",
                            "Targets": [
                                "a6b1a447-382a-5a4f-1b4b-224115900379"
                            ]
                        }
                    },
                    "Updateable": true,
                    "Version": "1.2.14.1013"
                },
                {
                    "@odata.context": "/redfish/v1/$metadata#SoftwareInventory.SoftwareInventory",
                    "@odata.id": "/redfish/v1/UpdateService/FirmwareInventory/14/",
                    "@odata.type": "#SoftwareInventory.v1_2_0.SoftwareInventory",
                    "Description": "10227901159002f0",
                    "Id": "14",
                    "Name": "Embedded SATA Controller #1",
                    "Oem": {
                        "Hpe": {
                            "@odata.context": "/redfish/v1/$metadata#HpeiLOSoftwareInventory.HpeiLOSoftwareInventory",
                            "@odata.type": "#HpeiLOSoftwareInventory.v2_1_0.HpeiLOSoftwareInventory",
                            "DeviceClass": null,
                            "DeviceContext": "Embedded SATA",
                            "DeviceInstance": "PciRoot(0x0)/Pci(0x7,0x2)/Pci(0x0,0x0)",
                            "Targets": [
                                "a6b1a447-382a-5a4f-1022-7901159002f0"
                            ]
                        }
                    },
                    "Updateable": false,
                    "Version": "N/A"
                },
                {
                    "@odata.context": "/redfish/v1/$metadata#SoftwareInventory.SoftwareInventory",
                    "@odata.id": "/redfish/v1/UpdateService/FirmwareInventory/15/",
                    "@odata.type": "#SoftwareInventory.v1_2_0.SoftwareInventory",
                    "Description": "102b0538159000e4",
                    "Id": "15",
                    "Name": "Embedded Video Controller",
                    "Oem": {
                        "Hpe": {
                            "@odata.context": "/redfish/v1/$metadata#HpeiLOSoftwareInventory.HpeiLOSoftwareInventory",
                            "@odata.type": "#HpeiLOSoftwareInventory.v2_1_0.HpeiLOSoftwareInventory",
                            "DeviceClass": null,
                            "DeviceContext": "Embedded Device",
                            "DeviceInstance": "PciRoot(0x0)/Pci(0x5,0x2)/Pci(0x0,0x1)",
                            "Targets": [
                                "a6b1a447-382a-5a4f-102b-0538159000e4"
                            ]
                        }
                    },
                    "Updateable": false,
                    "Version": "2.5"
                },
                {
                    "@odata.context": "/redfish/v1/$metadata#SoftwareInventory.SoftwareInventory",
                    "@odata.id": "/redfish/v1/UpdateService/FirmwareInventory/16/",
                    "@odata.type": "#SoftwareInventory.v1_2_0.SoftwareInventory",
                    "Description": "9005028f15900381",
                    "Id": "16",
                    "Name": "HPE SR932i-p Gen11",
                    "Oem": {
                        "Hpe": {
                            "@odata.context": "/redfish/v1/$metadata#HpeiLOSoftwareInventory.HpeiLOSoftwareInventory",
                            "@odata.type": "#HpeiLOSoftwareInventory.v2_1_0.HpeiLOSoftwareInventory",
                            "DeviceClass": null,
                            "DeviceContext": "PCI-E Slot 3",
                            "DeviceInstance": "PciRoot(0x1)/Pci(0x1,0x1)/Pci(0x0,0x0)/Pci(0x0,0x0)/Pci(0x0,0x0)",
                            "Targets": [
                                "a6b1a447-382a-5a4f-9005-028f15900381"
                            ]
                        }
                    },
                    "Updateable": true,
                    "Version": "03.01.23.072"
                },
                {
                    "@odata.context": "/redfish/v1/$metadata#SoftwareInventory.SoftwareInventory",
                    "@odata.id": "/redfish/v1/UpdateService/FirmwareInventory/17/",
                    "@odata.type": "#SoftwareInventory.v1_2_0.SoftwareInventory",
                    "Description": "VR000480KXLXF",
                    "Id": "17",
                    "Name": "480GB 16G NVMe SSD",
                    "Oem": {
                        "Hpe": {
                            "@odata.context": "/redfish/v1/$metadata#HpeiLOSoftwareInventory.HpeiLOSoftwareInventory",
                            "@odata.type": "#HpeiLOSoftwareInventory.v2_1_0.HpeiLOSoftwareInventory",
                            "DeviceClass": "f6de0320-2e0f-489a-b238-6dd8ae7c3811",
                            "DeviceContext": "Slot=23:Bay=1",
                            "Targets": [
                                "562340a5-3052-3030-3438-304b584c5846"
                            ]
                        }
                    },
                    "RelatedItem": [
                        {
                            "@odata.id": "/redfish/v1/Systems/1/Storage/DE040000/Drives/1"
                        }
                    ],
                    "SoftwareId": "f6de0320-2e0f-489a-b238-6dd8ae7c3811:562340a5-3052-3030-3438-304b584c5846",
                    "Status": {
                        "Health": "OK",
                        "State": "Enabled"
                    },
                    "Updateable": false,
                    "Version": "HPK3"
                },
                {
                    "@odata.context": "/redfish/v1/$metadata#SoftwareInventory.SoftwareInventory",
                    "@odata.id": "/redfish/v1/UpdateService/FirmwareInventory/18/",
                    "@odata.type": "#SoftwareInventory.v1_2_0.SoftwareInventory",
                    "Description": "VR000480KXLXF",
                    "Id": "18",
                    "Name": "480GB 16G NVMe SSD",
                    "Oem": {
                        "Hpe": {
                            "@odata.context": "/redfish/v1/$metadata#HpeiLOSoftwareInventory.HpeiLOSoftwareInventory",
                            "@odata.type": "#HpeiLOSoftwareInventory.v2_1_0.HpeiLOSoftwareInventory",
                            "DeviceClass": "f6de0320-2e0f-489a-b238-6dd8ae7c3811",
                            "DeviceContext": "Slot=23:Bay=2",
                            "Targets": [
                                "562340a5-3052-3030-3438-304b584c5846"
                            ]
                        }
                    },
                    "RelatedItem": [
                        {
                            "@odata.id": "/redfish/v1/Systems/1/Storage/DE040000/Drives/2"
                        }
                    ],
                    "SoftwareId": "f6de0320-2e0f-489a-b238-6dd8ae7c3811:562340a5-3052-3030-3438-304b584c5846",
                    "Status": {
                        "Health": "OK",
                        "State": "Enabled"
                    },
                    "Updateable": false,
                    "Version": "HPK3"
                },
                {
                    "@odata.context": "/redfish/v1/$metadata#SoftwareInventory.SoftwareInventory",
                    "@odata.id": "/redfish/v1/UpdateService/FirmwareInventory/19/",
                    "@odata.type": "#SoftwareInventory.v1_2_0.SoftwareInventory",
                    "Description": "EH000300JWHPL",
                    "Id": "19",
                    "Name": "300GB 12G SAS HDD",
                    "Oem": {
                        "Hpe": {
                            "@odata.context": "/redfish/v1/$metadata#HpeiLOSoftwareInventory.HpeiLOSoftwareInventory",
                            "@odata.type": "#HpeiLOSoftwareInventory.v2_1_0.HpeiLOSoftwareInventory",
                            "DeviceClass": "f6de0320-2e0f-489a-b238-6dd8ae7c3811",
                            "DeviceContext": "Slot=3:Port=1:Box=3:Bay=1",
                            "Targets": [
                                "452340a5-3048-3030-3330-304a5748504c"
                            ]
                        }
                    },
                    "RelatedItem": [
                        {
                            "@odata.id": "/redfish/v1/Systems/1/Storage/DE041000/Drives/0"
                        }
                    ],
                    "SoftwareId": "f6de0320-2e0f-489a-b238-6dd8ae7c3811:452340a5-3048-3030-3330-304a5748504c",
                    "Status": {
                        "Health": "OK",
                        "State": "Enabled"
                    },
                    "Updateable": false,
                    "Version": "HPD8"
                },
                {
                    "@odata.context": "/redfish/v1/$metadata#SoftwareInventory.SoftwareInventory",
                    "@odata.id": "/redfish/v1/UpdateService/FirmwareInventory/20/",
                    "@odata.type": "#SoftwareInventory.v1_2_0.SoftwareInventory",
                    "Description": "VK000480GXWBH",
                    "Id": "20",
                    "Name": "480GB 6G SATA SSD",
                    "Oem": {
                        "Hpe": {
                            "@odata.context": "/redfish/v1/$metadata#HpeiLOSoftwareInventory.HpeiLOSoftwareInventory",
                            "@odata.type": "#HpeiLOSoftwareInventory.v2_1_0.HpeiLOSoftwareInventory",
                            "DeviceClass": "f6de0320-2e0f-489a-b238-6dd8ae7c3811",
                            "DeviceContext": "Slot=3:Port=1:Box=3:Bay=2",
                            "Targets": [
                                "562340a5-304b-3030-3438-304758574248"
                            ]
                        }
                    },
                    "RelatedItem": [
                        {
                            "@odata.id": "/redfish/v1/Systems/1/Storage/DE041000/Drives/4"
                        }
                    ],
                    "SoftwareId": "f6de0320-2e0f-489a-b238-6dd8ae7c3811:562340a5-304b-3030-3438-304758574248",
                    "Status": {
                        "Health": "OK",
                        "State": "Enabled"
                    },
                    "Updateable": false,
                    "Version": "HPG0"
                },
                {
                    "@odata.context": "/redfish/v1/$metadata#SoftwareInventory.SoftwareInventory",
                    "@odata.id": "/redfish/v1/UpdateService/FirmwareInventory/21/",
                    "@odata.type": "#SoftwareInventory.v1_2_0.SoftwareInventory",
                    "Description": "Universal Backplane Manager",
                    "Id": "21",
                    "Name": "8 SFF 24G x4NVMe/SAS UBM6 BC BP",
                    "Oem": {
                        "Hpe": {
                            "@odata.context": "/redfish/v1/$metadata#HpeiLOSoftwareInventory.HpeiLOSoftwareInventory",
                            "@odata.type": "#HpeiLOSoftwareInventory.v2_1_0.HpeiLOSoftwareInventory",
                            "DeviceClass": "4149ebb7-d64b-4654-b679-4280f349ea50",
                            "DeviceContext": "Slot=3:Port=1:Box=3",
                            "Targets": [
                                "9675b54e-1c96-44c3-a7a1-901506000000"
                            ]
                        }
                    },
                    "Updateable": true,
                    "Version": "1.04"
                },
                {
                    "@odata.context": "/redfish/v1/$metadata#SoftwareInventory.SoftwareInventory",
                    "@odata.id": "/redfish/v1/UpdateService/FirmwareInventory/22/",
                    "@odata.type": "#SoftwareInventory.v1_2_0.SoftwareInventory",
                    "Description": "Universal Backplane Manager",
                    "Id": "22",
                    "Name": "8 SFF 24G x4NVMe/SAS UBM6 BC BP",
                    "Oem": {
                        "Hpe": {
                            "@odata.context": "/redfish/v1/$metadata#HpeiLOSoftwareInventory.HpeiLOSoftwareInventory",
                            "@odata.type": "#HpeiLOSoftwareInventory.v2_1_0.HpeiLOSoftwareInventory",
                            "DeviceClass": "4149ebb7-d64b-4654-b679-4280f349ea50",
                            "DeviceContext": "Slot=3:Port=2:Box=3",
                            "Targets": [
                                "9675b54e-1c96-44c3-a7a1-901506000000"
                            ]
                        }
                    },
                    "Updateable": true,
                    "Version": "1.04"
                },
                {
                    "@odata.context": "/redfish/v1/$metadata#SoftwareInventory.SoftwareInventory",
                    "@odata.id": "/redfish/v1/UpdateService/FirmwareInventory/23/",
                    "@odata.type": "#SoftwareInventory.v1_2_0.SoftwareInventory",
                    "Description": "Universal Backplane Manager",
                    "Id": "23",
                    "Name": "8 SFF 24G x4NVMe/SAS UBM6 BC BP",
                    "Oem": {
                        "Hpe": {
                            "@odata.context": "/redfish/v1/$metadata#HpeiLOSoftwareInventory.HpeiLOSoftwareInventory",
                            "@odata.type": "#HpeiLOSoftwareInventory.v2_1_0.HpeiLOSoftwareInventory",
                            "DeviceClass": "4149ebb7-d64b-4654-b679-4280f349ea50",
                            "DeviceContext": "Slot=3:Port=3:Box=3",
                            "Targets": [
                                "9675b54e-1c96-44c3-a7a1-901506000000"
                            ]
                        }
                    },
                    "Updateable": true,
                    "Version": "1.04"
                },
                {
                    "@odata.context": "/redfish/v1/$metadata#SoftwareInventory.SoftwareInventory",
                    "@odata.id": "/redfish/v1/UpdateService/FirmwareInventory/24/",
                    "@odata.type": "#SoftwareInventory.v1_2_0.SoftwareInventory",
                    "Description": "Universal Backplane Manager",
                    "Id": "24",
                    "Name": "8 SFF 24G x4NVMe/SAS UBM6 BC BP",
                    "Oem": {
                        "Hpe": {
                            "@odata.context": "/redfish/v1/$metadata#HpeiLOSoftwareInventory.HpeiLOSoftwareInventory",
                            "@odata.type": "#HpeiLOSoftwareInventory.v2_1_0.HpeiLOSoftwareInventory",
                            "DeviceClass": "4149ebb7-d64b-4654-b679-4280f349ea50",
                            "DeviceContext": "Slot=3:Port=4:Box=3",
                            "Targets": [
                                "9675b54e-1c96-44c3-a7a1-901506000000"
                            ]
                        }
                    },
                    "Updateable": true,
                    "Version": "1.04"
                }
            ],
            "sw_inventory": [
            ]
        },
        "software": false,
        "update_type": "offline",
        "UpdateFWPKG": true
    }
}