{
    "hapi": {
        "dependency_failures": [
        ],
        "hcode": 101,
        "hmessage": "System up to date, no installs required or not found.Node already at baseline version.",
        "hotfix_tasks": [
        ],
        "install_set": {
            "Description": "Gen12 Service Pack for ProLiant",
            "Name": "bp007083",
            "Sequence": [
                {
                    "additionalProperties": {
                        "Criticality": "Recommended"
                    },
                    "Command": "ApplyUpdate",
                    "Configuration": "",
                    "Criticality": "Recommended",
                    "ExecutionTimeoutMinutes": 10,
                    "Filename": "ilo6_163.fwpkg",
                    "Name": "Online ROM Flash Firmware Package - HPE Integrated Lights-Out 6",
                    "UpdatableBy": [
                        "Bmc"
                    ],
                    "WaitTimeSeconds": 0
                },
                {
                    "additionalProperties": {
                        "Criticality": "Recommended"
                    },
                    "Command": "ApplyUpdate",
                    "Configuration": "",
                    "Criticality": "Recommended",
                    "ExecutionTimeoutMinutes": 20,
                    "Filename": "HPE_UBM6_1.04_A.fwpkg",
                    "Name": "Firmware Package - UBM6 Backplane PIC PLDM Firmware for Gen10/G",
                    "UpdatableBy": [
                        "Bmc"
                    ],
                    "WaitTimeSeconds": 0
                },
                {
                    "additionalProperties": {
                        "Criticality": "Recommended"
                    },
                    "Command": "ApplyUpdate",
                    "Configuration": "",
                    "Criticality": "Recommended",
                    "ExecutionTimeoutMinutes": 6,
                    "Filename": "bcm230.1.123.0.pup.fwpkg",
                    "Name": "Broadcom Firmware Package for BCM5741x adapters",
                    "UpdatableBy": [
                        "Bmc"
                    ],
                    "WaitTimeSeconds": 0
                },
                {
                    "Command": "HostPoweroff",
                    "Name": "Host Power off Task",
                    "UpdatableBy": [
                        "RuntimeAgent"
                    ],
                    "WaitTimeSeconds": 0
                },
                {
                    "Command": "Wait",
                    "Name": "Wait Task for Bmc",
                    "UpdatableBy": [
                        "Bmc"
                    ],
                    "WaitTimeSeconds": 300
                },
                {
                    "additionalProperties": {
                        "Criticality": "Recommended"
                    },
                    "Command": "ApplyUpdate",
                    "Configuration": "",
                    "Criticality": "Recommended",
                    "ExecutionTimeoutMinutes": 5,
                    "Filename": "U69_1.10_08_09_2024.fwpkg",
                    "Name": "ROM Flash Firmware Package - HPE ProLiant DL320/DL340 Gen12 SP ",
                    "UpdatableBy": [
                        "Bmc"
                    ],
                    "WaitTimeSeconds": 0
                },
                {
                    "Command": "ResetServer",
                    "Name": "Reset Task for Bmc",
                    "UpdatableBy": [
                        "Bmc"
                    ],
                    "WaitTimeSeconds": 0
                }
            ]
        },
        "sequence_details": [
            {
                "ComponentName": "ilo6_163.fwpkg",
                "Filename": "ilo6_163.fwpkg",
                "InstalledVersion": [
                    {
                        "Target": "e6d3c844-14a6-4f1f-84a3-c06013910306",
                        "Version": "1.63"
                    }
                ],
                "PackageVersion": "1.63",
                "Update": "Already upto date"
            },
            {
                "ComponentName": "HPE_UBM6_1.04_A.fwpkg",
                "Filename": "HPE_UBM6_1.04_A.fwpkg",
                "InstalledVersion": [
                    {
                        "Target": "9675b54e-1c96-44c3-a7a1-901506000000",
                        "Version": "1.04"
                    },
                    {
                        "Target": "9675b54e-1c96-44c3-a7a1-901506000000",
                        "Version": "1.04"
                    }
                ],
                "PackageVersion": "1.04",
                "Update": "Already upto date"
            },
            {
                "ComponentName": "bcm230.1.123.0.pup.fwpkg",
                "Filename": "bcm230.1.123.0.pup.fwpkg",
                "InstalledVersion": [
                    {
                        "Target": "a6b1a447-382a-5a4f-14e4-16d714e41596",
                        "Version": "230.1.123.0"
                    }
                ],
                "PackageVersion": "230.1.123.0",
                "Update": "Already upto date"
            },
            {
                "ComponentName": "U69_1.10_08_09_2024.fwpkg",
                "Filename": "U69_1.10_08_09_2024.fwpkg",
                "InstalledVersion": [
                    {
                        "Target": "00000000-0000-0000-0000-000000000261",
                        "Version": "U69 1.10  - (08/09/2024)"
                    }
                ],
                "PackageVersion": "U69 1.10 - (08/09/2024)",
                "Update": "Already upto date"
            }
        ]
    }
}