{
    "hapi": {
        "baseline_uri": "/mnt/fwbundles/P76089_001_gen12spp-2024_09_00_00-Gen12SPP2024090000_2024_0916_32/packages/",
        "delete_logs": false,
        "downgrade": true,
        "firmware": true,
        "HostOS": {
            "OsName": "SLES",
            "OsSysDescription": "Linux linux-hiln 4.4.21-69-default #1 SMP Tue Oct 25 10:58:20 UTC 2016 (9464f67) x86_64",
            "OsType": 43,
            "OsVersion": "12.2"
        },
        "hotfix_uri": "",
        "ip": "172.29.243.48",
        "is_rollback": false,
        "os_agnostic_compatible": true,
        "parentTaskUri": "/rest/tasks/7d04dfd0-df40-4feb-9f1b-d3c8a5e7cd03",
        "PLDMFirmwareUpdate": true,
        "processor_vendor": "Intel(R) Xeon(R) 6731E",
        "rewrite": true,
        "server_inventory": {
            "fw_inventory": [
                {
                    "@odata.context": "/redfish/v1/$metadata#SoftwareInventory.SoftwareInventory",
                    "@odata.id": "/redfish/v1/UpdateService/FirmwareInventory/1/",
                    "@odata.type": "#SoftwareInventory.v1_2_0.SoftwareInventory",
                    "Description": "SystemBMC",
                    "Id": "1",
                    "LowestSupportedVersion": "1.62",
                    "Name": "iLO 6",
                    "Oem": {
                        "Hpe": {
                            "@odata.context": "/redfish/v1/$metadata#HpeiLOSoftwareInventory.HpeiLOSoftwareInventory",
                            "@odata.type": "#HpeiLOSoftwareInventory.v2_1_0.HpeiLOSoftwareInventory",
                            "DeviceClass": "2f317b9d-c9e3-4d76-bff6-b9d0d085a952",
                            "DeviceContext": "System Board",
                            "Targets": [
                                "e6d3c844-14a6-4f1f-84a3-c06013910306"
                            ]
                        }
                    },
                    "Status": {
                        "Health": "OK",
                        "State": "Enabled"
                    },
                    "Updateable": true,
                    "Version": "1.63 Sep 13 2024"
                },
                {
                    "@odata.context": "/redfish/v1/$metadata#SoftwareInventory.SoftwareInventory",
                    "@odata.id": "/redfish/v1/UpdateService/FirmwareInventory/2/",
                    "@odata.type": "#SoftwareInventory.v1_2_0.SoftwareInventory",
                    "Description": "SystemRomActive",
                    "Id": "2",
                    "Name": "System ROM",
                    "Oem": {
                        "Hpe": {
                            "@odata.context": "/redfish/v1/$metadata#HpeiLOSoftwareInventory.HpeiLOSoftwareInventory",
                            "@odata.type": "#HpeiLOSoftwareInventory.v2_1_0.HpeiLOSoftwareInventory",
                            "DeviceClass": "aa148d2e-6e09-453e-bc6f-63baa5f5ccc4",
                            "DeviceContext": "System Board",
                            "Targets": [
                                "00000000-0000-0000-0000-000000000261",
                                "00000000-0000-0000-0000-000001553639",
                                "00000000-0000-0000-0002-000000010261",
                                "00000000-0000-0000-0002-000000020261",
                                "00000000-0000-0000-0002-000000080261"
                            ]
                        }
                    },
                    "Status": {
                        "Health": "OK",
                        "State": "Enabled"
                    },
                    "Updateable": true,
                    "Version": "U69 v1.10 (08/09/2024)"
                },
                {
                    "@odata.context": "/redfish/v1/$metadata#SoftwareInventory.SoftwareInventory",
                    "@odata.id": "/redfish/v1/UpdateService/FirmwareInventory/3/",
                    "@odata.type": "#SoftwareInventory.v1_2_0.SoftwareInventory",
                    "Description": "PlatformDefinitionTable",
                    "Id": "3",
                    "Name": "Intelligent Platform Abstraction Data",
                    "Oem": {
                        "Hpe": {
                            "@odata.context": "/redfish/v1/$metadata#HpeiLOSoftwareInventory.HpeiLOSoftwareInventory",
                            "@odata.type": "#HpeiLOSoftwareInventory.v2_1_0.HpeiLOSoftwareInventory",
                            "DeviceClass": "b8f46d06-85db-465c-94fb-d106e61378ed",
                            "DeviceContext": "System Board",
                            "Targets": [
                                "00000000-0000-0000-0000-000000000261",
                                "00000000-0000-0000-0000-000001553639",
                                "00000000-0000-0000-0002-000000010261",
                                "00000000-0000-0000-0002-000000020261",
                                "00000000-0000-0000-0002-000000080261"
                            ]
                        }
                    },
                    "Updateable": true,
                    "Version": "1.20.0 Build 10"
                },
                {
                    "@odata.context": "/redfish/v1/$metadata#SoftwareInventory.SoftwareInventory",
                    "@odata.id": "/redfish/v1/UpdateService/FirmwareInventory/4/",
                    "@odata.type": "#SoftwareInventory.v1_2_0.SoftwareInventory",
                    "Description": "SystemProgrammableLogicDevice",
                    "Id": "4",
                    "Name": "System Programmable Logic Device",
                    "Oem": {
                        "Hpe": {
                            "@odata.context": "/redfish/v1/$metadata#HpeiLOSoftwareInventory.HpeiLOSoftwareInventory",
                            "@odata.type": "#HpeiLOSoftwareInventory.v2_1_0.HpeiLOSoftwareInventory",
                            "DeviceClass": "b1ad439a-9dd1-41c1-a496-2da9313f1f07",
                            "DeviceContext": "System Board",
                            "Targets": [
                                "00000000-0000-0000-0002-000000010261"
                            ]
                        }
                    },
                    "Status": {
                        "Health": "OK",
                        "State": "Enabled"
                    },
                    "Updateable": true,
                    "Version": "0x0E"
                },
                {
                    "@odata.context": "/redfish/v1/$metadata#SoftwareInventory.SoftwareInventory",
                    "@odata.id": "/redfish/v1/UpdateService/FirmwareInventory/5/",
                    "@odata.type": "#SoftwareInventory.v1_2_0.SoftwareInventory",
                    "Description": "SecondarySystemProgrammableLogicDevice",
                    "Id": "5",
                    "Name": "Secondary System Programmable Logic Device",
                    "Oem": {
                        "Hpe": {
                            "@odata.context": "/redfish/v1/$metadata#HpeiLOSoftwareInventory.HpeiLOSoftwareInventory",
                            "@odata.type": "#HpeiLOSoftwareInventory.v2_1_0.HpeiLOSoftwareInventory",
                            "DeviceClass": "b1ad439a-9dd1-41c1-a496-2da9313f1f07",
                            "DeviceContext": "System Board",
                            "Targets": [
                                "00000000-0000-0000-0002-000000020261"
                            ]
                        }
                    },
                    "Status": {
                        "Health": "OK",
                        "State": "Enabled"
                    },
                    "Updateable": true,
                    "Version": "0x0B"
                },
                {
                    "@odata.context": "/redfish/v1/$metadata#SoftwareInventory.SoftwareInventory",
                    "@odata.id": "/redfish/v1/UpdateService/FirmwareInventory/6/",
                    "@odata.type": "#SoftwareInventory.v1_2_0.SoftwareInventory",
                    "Description": "DCSCMProgrammableLogicDevice",
                    "Id": "6",
                    "Name": "DC-SCM Programmable Logic Device",
                    "Oem": {
                        "Hpe": {
                            "@odata.context": "/redfish/v1/$metadata#HpeiLOSoftwareInventory.HpeiLOSoftwareInventory",
                            "@odata.type": "#HpeiLOSoftwareInventory.v2_1_0.HpeiLOSoftwareInventory",
                            "DeviceClass": "b1ad439a-9dd1-41c1-a496-2da9313f1f07",
                            "DeviceContext": "System Board",
                            "Targets": [
                                "00000000-0000-0000-0002-000000080261"
                            ]
                        }
                    },
                    "Status": {
                        "Health": "OK",
                        "State": "Enabled"
                    },
                    "Updateable": true,
                    "Version": "0x0A"
                },
                {
                    "@odata.context": "/redfish/v1/$metadata#SoftwareInventory.SoftwareInventory",
                    "@odata.id": "/redfish/v1/UpdateService/FirmwareInventory/7/",
                    "@odata.type": "#SoftwareInventory.v1_2_0.SoftwareInventory",
                    "Description": "PowerSupplies",
                    "Id": "7",
                    "Name": "Power Supply Firmware",
                    "Oem": {
                        "Hpe": {
                            "@odata.context": "/redfish/v1/$metadata#HpeiLOSoftwareInventory.HpeiLOSoftwareInventory",
                            "@odata.type": "#HpeiLOSoftwareInventory.v2_1_0.HpeiLOSoftwareInventory",
                            "DeviceClass": "6bb86077-0275-4614-aae1-86618e8b1c27",
                            "DeviceContext": "Bay 2",
                            "Targets": [
                                "0602d505-0002-0000-0000-0cf38db966ea"
                            ]
                        }
                    },
                    "Updateable": true,
                    "Version": "2.01.02"
                },
                {
                    "@odata.context": "/redfish/v1/$metadata#SoftwareInventory.SoftwareInventory",
                    "@odata.id": "/redfish/v1/UpdateService/FirmwareInventory/8/",
                    "@odata.type": "#SoftwareInventory.v1_2_0.SoftwareInventory",
                    "Description": "TrustedPlatformModule20",
                    "Id": "8",
                    "Name": "TPM Firmware",
                    "Oem": {
                        "Hpe": {
                            "@odata.context": "/redfish/v1/$metadata#HpeiLOSoftwareInventory.HpeiLOSoftwareInventory",
                            "@odata.type": "#HpeiLOSoftwareInventory.v2_1_0.HpeiLOSoftwareInventory",
                            "DeviceClass": "fcbe6477-5c25-4488-b197-695bb8123b11",
                            "DeviceContext": "System Board",
                            "Targets": [
                                "1118c237-4924-4fb4-a6d0-1402ac4e2c06"
                            ]
                        }
                    },
                    "Updateable": false,
                    "Version": "9.256"
                },
                {
                    "@odata.context": "/redfish/v1/$metadata#SoftwareInventory.SoftwareInventory",
                    "@odata.id": "/redfish/v1/UpdateService/FirmwareInventory/9/",
                    "@odata.type": "#SoftwareInventory.v1_2_0.SoftwareInventory",
                    "Description": "14e416d714e41596",
                    "Id": "9",
                    "Name": "10/25Gb 2-port SFP28 BCM57414 OCP3 Adapter",
                    "Oem": {
                        "Hpe": {
                            "@odata.context": "/redfish/v1/$metadata#HpeiLOSoftwareInventory.HpeiLOSoftwareInventory",
                            "@odata.type": "#HpeiLOSoftwareInventory.v2_1_0.HpeiLOSoftwareInventory",
                            "DeviceClass": null,
                            "DeviceContext": "OCPB",
                            "DeviceInstance": "PciRoot(0x3)/Pci(0x2,0x0)/Pci(0x0,0x0)",
                            "Targets": [
                                "a6b1a447-382a-5a4f-14e4-16d714e41596"
                            ]
                        }
                    },
                    "Updateable": true,
                    "Version": "230.1.123.0"
                },
                {
                    "@odata.context": "/redfish/v1/$metadata#SoftwareInventory.SoftwareInventory",
                    "@odata.id": "/redfish/v1/UpdateService/FirmwareInventory/10/",
                    "@odata.type": "#SoftwareInventory.v1_2_0.SoftwareInventory",
                    "Description": "1077228115900369",
                    "Id": "10",
                    "Name": "HPE SN1700Q 64Gb 1p FC HBA",
                    "Oem": {
                        "Hpe": {
                            "@odata.context": "/redfish/v1/$metadata#HpeiLOSoftwareInventory.HpeiLOSoftwareInventory",
                            "@odata.type": "#HpeiLOSoftwareInventory.v2_1_0.HpeiLOSoftwareInventory",
                            "DeviceClass": null,
                            "DeviceContext": "PCI-E Slot 3",
                            "DeviceInstance": "PciRoot(0x23)/Pci(0x2,0x0)/Pci(0x0,0x0)",
                            "Targets": [
                                "a6b1a447-382a-5a4f-1077-228115900369"
                            ]
                        }
                    },
                    "Updateable": true,
                    "Version": "2.09.07"
                },
                {
                    "@odata.context": "/redfish/v1/$metadata#SoftwareInventory.SoftwareInventory",
                    "@odata.id": "/redfish/v1/UpdateService/FirmwareInventory/11/",
                    "@odata.type": "#SoftwareInventory.v1_2_0.SoftwareInventory",
                    "Description": "102b0538159000e4",
                    "Id": "11",
                    "Name": "Embedded Video Controller",
                    "Oem": {
                        "Hpe": {
                            "@odata.context": "/redfish/v1/$metadata#HpeiLOSoftwareInventory.HpeiLOSoftwareInventory",
                            "@odata.type": "#HpeiLOSoftwareInventory.v2_1_0.HpeiLOSoftwareInventory",
                            "DeviceClass": null,
                            "DeviceContext": "Embedded Device",
                            "DeviceInstance": "PciRoot(0x11)/Pci(0x8,0x0)/Pci(0x0,0x1)",
                            "Targets": [
                                "a6b1a447-382a-5a4f-102b-0538159000e4"
                            ]
                        }
                    },
                    "Updateable": false,
                    "Version": "2.5"
                },
                {
                    "@odata.context": "/redfish/v1/$metadata#SoftwareInventory.SoftwareInventory",
                    "@odata.id": "/redfish/v1/UpdateService/FirmwareInventory/12/",
                    "@odata.type": "#SoftwareInventory.v1_2_0.SoftwareInventory",
                    "Description": "MZXLR800HBHQ-000H3",
                    "Id": "12",
                    "Name": "NVMe Drive",
                    "Oem": {
                        "Hpe": {
                            "@odata.context": "/redfish/v1/$metadata#HpeiLOSoftwareInventory.HpeiLOSoftwareInventory",
                            "@odata.type": "#HpeiLOSoftwareInventory.v2_1_0.HpeiLOSoftwareInventory",
                            "DeviceClass": "f6de0320-2e0f-489a-b238-6dd8ae7c3811",
                            "DeviceContext": "Embedded:Port=3A:Box=1:Bay=8",
                            "Targets": [
                                "4d2340a5-585a-524c-3830-3048c3876295"
                            ]
                        }
                    },
                    "Updateable": false,
                    "Version": "MPK7525Q"
                },
                {
                    "@odata.context": "/redfish/v1/$metadata#SoftwareInventory.SoftwareInventory",
                    "@odata.id": "/redfish/v1/UpdateService/FirmwareInventory/13/",
                    "@odata.type": "#SoftwareInventory.v1_2_0.SoftwareInventory",
                    "Description": "Universal Backplane Manager",
                    "Id": "13",
                    "Name": "8 SFF 16G x4NVMe UBM6 BC BP",
                    "Oem": {
                        "Hpe": {
                            "@odata.context": "/redfish/v1/$metadata#HpeiLOSoftwareInventory.HpeiLOSoftwareInventory",
                            "@odata.type": "#HpeiLOSoftwareInventory.v2_1_0.HpeiLOSoftwareInventory",
                            "DeviceClass": "4149ebb7-d64b-4654-b679-4280f349ea50",
                            "DeviceContext": "Embedded:Port=3A:Box=1",
                            "Targets": [
                                "9675b54e-1c96-44c3-a7a1-901506000000"
                            ]
                        }
                    },
                    "Updateable": true,
                    "Version": "1.04"
                },
                {
                    "@odata.context": "/redfish/v1/$metadata#SoftwareInventory.SoftwareInventory",
                    "@odata.id": "/redfish/v1/UpdateService/FirmwareInventory/14/",
                    "@odata.type": "#SoftwareInventory.v1_2_0.SoftwareInventory",
                    "Description": "Universal Backplane Manager",
                    "Id": "14",
                    "Name": "8 SFF 16G x4NVMe UBM6 BC BP",
                    "Oem": {
                        "Hpe": {
                            "@odata.context": "/redfish/v1/$metadata#HpeiLOSoftwareInventory.HpeiLOSoftwareInventory",
                            "@odata.type": "#HpeiLOSoftwareInventory.v2_1_0.HpeiLOSoftwareInventory",
                            "DeviceClass": "4149ebb7-d64b-4654-b679-4280f349ea50",
                            "DeviceContext": "Embedded:Port=4A:Box=1",
                            "Targets": [
                                "9675b54e-1c96-44c3-a7a1-901506000000"
                            ]
                        }
                    },
                    "Updateable": true,
                    "Version": "1.04"
                }
            ],
            "sw_inventory": [
            ]
        },
        "software": false,
        "update_type": "offline",
        "UpdateFWPKG": true
    }
}