{
    "hapi": {
        "dependency_failures": [
        ],
        "hcode": 101,
        "hmessage": "System up to date, no installs required or not found.Node already has one or more installed components with version higher than the version available in the baseline.",
        "hotfix_tasks": [
        ],
        "install_set": {
            "Description": "Gen11 Service Pack for ProLiant",
            "Name": "bp006826",
            "Sequence": [
                {
                    "additionalProperties": {
                        "Criticality": "Recommended"
                    },
                    "Command": "ApplyUpdate",
                    "Configuration": "",
                    "Criticality": "Recommended",
                    "ExecutionTimeoutMinutes": 10,
                    "Filename": "ilo6_158.fwpkg",
                    "Name": "Online ROM Flash Firmware Package - HPE Integrated Lights-Out 6",
                    "UpdatableBy": [
                        "Bmc"
                    ],
                    "WaitTimeSeconds": 0
                },
                {
                    "additionalProperties": {
                        "Criticality": "Recommended"
                    },
                    "Command": "ApplyUpdate",
                    "Configuration": "",
                    "Criticality": "Recommended",
                    "ExecutionTimeoutMinutes": 7,
                    "Filename": "PICGen11-1.0.2-1.fwpkg",
                    "Name": "ROM Flash Firmware Package - Advanced Power Capping Microcontro",
                    "UpdatableBy": [
                        "Bmc"
                    ],
                    "WaitTimeSeconds": 0
                },
                {
                    "additionalProperties": {
                        "Criticality": "Recommended"
                    },
                    "Command": "ApplyUpdate",
                    "Configuration": "",
                    "Criticality": "Recommended",
                    "ExecutionTimeoutMinutes": 5,
                    "Filename": "A55_1.58_01_04_2024.fwpkg",
                    "Name": "ROM Flash Universal Firmware Package - HPE ProLiant DL365/DL385",
                    "UpdatableBy": [
                        "Bmc"
                    ],
                    "WaitTimeSeconds": 0
                },
                {
                    "additionalProperties": {
                        "Criticality": "Recommended"
                    },
                    "Command": "ApplyUpdate",
                    "Configuration": "",
                    "Criticality": "Recommended",
                    "ExecutionTimeoutMinutes": 12,
                    "Filename": "HPE_NS204i_Gen10P_Gen11_1.2.14.1013_A.fwpkg",
                    "Name": "Firmware Package - HPE Gen11 Boot Controller NS204i-u, NS204i-d",
                    "UpdatableBy": [
                        "Bmc"
                    ],
                    "WaitTimeSeconds": 0
                },
                {
                    "additionalProperties": {
                        "Criticality": "Recommended"
                    },
                    "Command": "ApplyUpdate",
                    "Configuration": "",
                    "Criticality": "Recommended",
                    "ExecutionTimeoutMinutes": 10,
                    "Filename": "HPE_SR416_SR932_Gen10P_Gen11_03.01.23.072_A.fwpkg",
                    "Name": "Firmware Package - HPE SR932i-p Gen10 Plus /SR416i-a Gen10 Plus",
                    "UpdatableBy": [
                        "Bmc"
                    ],
                    "WaitTimeSeconds": 0
                },
                {
                    "additionalProperties": {
                        "Criticality": "Recommended"
                    },
                    "Command": "ApplyUpdate",
                    "Configuration": "",
                    "Criticality": "Recommended",
                    "ExecutionTimeoutMinutes": 6,
                    "Filename": "bcm228.1.111.0.pup.fwpkg",
                    "Name": "Broadcom Firmware Package for BCM5741x adapters",
                    "UpdatableBy": [
                        "Bmc"
                    ],
                    "WaitTimeSeconds": 0
                }
            ]
        },
        "sequence_details": [
            {
                "ComponentName": "ilo6_158.fwpkg",
                "Filename": "ilo6_158.fwpkg",
                "InstalledVersion": [
                    {
                        "Target": "e6d3c844-14a6-4f1f-84a3-c06013910306",
                        "Version": "1.65"
                    }
                ],
                "PackageVersion": "1.58",
                "Update": "Above baseline"
            },
            {
                "ComponentName": "PICGen11-1.0.2-1.fwpkg",
                "Filename": "PICGen11-1.0.2-1.fwpkg",
                "InstalledVersion": [
                    {
                        "Target": "00000000-0000-0000-0000-000000504e05",
                        "Version": "1.0.4"
                    }
                ],
                "PackageVersion": "1.0.2",
                "Update": "Above baseline"
            },
            {
                "ComponentName": "A55_1.58_01_04_2024.fwpkg",
                "Filename": "A55_1.58_01_04_2024.fwpkg",
                "InstalledVersion": [
                    {
                        "Target": "00000000-0000-0000-0000-000000000243",
                        "Version": "A55 2.14  - (10/11/2024)"
                    }
                ],
                "PackageVersion": "A55 1.58 - (01/04/2024)",
                "Update": "Above baseline"
            },
            {
                "ComponentName": "HPE_NS204i_Gen10P_Gen11_1.2.14.1013_A.fwpkg",
                "Filename": "HPE_NS204i_Gen10P_Gen11_1.2.14.1013_A.fwpkg",
                "InstalledVersion": [
                    {
                        "Target": "a6b1a447-382a-5a4f-1b4b-224115900379",
                        "Version": "1.2.14.1018"
                    }
                ],
                "PackageVersion": "1.2.14.1013",
                "Update": "Above baseline"
            },
            {
                "ComponentName": "HPE_SR416_SR932_Gen10P_Gen11_03.01.23.072_A.fwpkg",
                "Filename": "HPE_SR416_SR932_Gen10P_Gen11_03.01.23.072_A.fwpkg",
                "InstalledVersion": [
                    {
                        "Target": "a6b1a447-382a-5a4f-9005-028f15900381",
                        "Version": "03.01.30.106"
                    }
                ],
                "PackageVersion": "03.01.23.072",
                "Update": "Above baseline"
            },
            {
                "ComponentName": "bcm228.1.111.0.pup.fwpkg",
                "Filename": "bcm228.1.111.0.pup.fwpkg",
                "InstalledVersion": [
                    {
                        "Target": "a6b1a447-382a-5a4f-14e4-16d714e41596",
                        "Version": "230.1.123.0"
                    }
                ],
                "PackageVersion": "228.1.111.0",
                "Update": "Above baseline"
            }
        ]
    }
}