{
    "hapi": {
        "baseline_uri": "/mnt/fwbundles/P73558_001_gen11spp-2024_04_00_00-Gen11SPP2024040000_2024_0414_16/packages/",
        "delete_logs": false,
        "downgrade": true,
        "firmware": true,
        "HostOS": {
            "OsName": "SLES",
            "OsSysDescription": "Linux linux-hiln 4.4.21-69-default #1 SMP Tue Oct 25 10:58:20 UTC 2016 (9464f67) x86_64",
            "OsType": 43,
            "OsVersion": "12.2"
        },
        "hotfix_uri": "",
        "ip": "172.29.243.40",
        "is_rollback": false,
        "os_agnostic_compatible": true,
        "parentTaskUri": "/rest/tasks/bd862373-570f-4ba2-9045-e8d289436d76",
        "PLDMFirmwareUpdate": true,
        "processor_vendor": "Intel(R) Xeon(R) Platinum 8444H",
        "rewrite": true,
        "server_inventory": {
            "fw_inventory": [
                {
                    "@odata.context": "/redfish/v1/$metadata#SoftwareInventory.SoftwareInventory",
                    "@odata.id": "/redfish/v1/UpdateService/FirmwareInventory/1/",
                    "@odata.type": "#SoftwareInventory.v1_2_0.SoftwareInventory",
                    "Description": "SystemBMC",
                    "Id": "1",
                    "Name": "iLO 6",
                    "Oem": {
                        "Hpe": {
                            "@odata.context": "/redfish/v1/$metadata#HpeiLOSoftwareInventory.HpeiLOSoftwareInventory",
                            "@odata.type": "#HpeiLOSoftwareInventory.v2_1_0.HpeiLOSoftwareInventory",
                            "DeviceClass": "2f317b9d-c9e3-4d76-bff6-b9d0d085a952",
                            "DeviceContext": "System Board",
                            "Targets": [
                                "e6d3c844-14a6-4f1f-84a3-c06013910306"
                            ]
                        }
                    },
                    "Status": {
                        "Health": "OK",
                        "State": "Enabled"
                    },
                    "Updateable": true,
                    "Version": "1.51 Aug 17 2023"
                },
                {
                    "@odata.context": "/redfish/v1/$metadata#SoftwareInventory.SoftwareInventory",
                    "@odata.id": "/redfish/v1/UpdateService/FirmwareInventory/2/",
                    "@odata.type": "#SoftwareInventory.v1_2_0.SoftwareInventory",
                    "Description": "SystemRomActive",
                    "Id": "2",
                    "Name": "System ROM",
                    "Oem": {
                        "Hpe": {
                            "@odata.context": "/redfish/v1/$metadata#HpeiLOSoftwareInventory.HpeiLOSoftwareInventory",
                            "@odata.type": "#HpeiLOSoftwareInventory.v2_1_0.HpeiLOSoftwareInventory",
                            "DeviceClass": "aa148d2e-6e09-453e-bc6f-63baa5f5ccc4",
                            "DeviceContext": "System Board",
                            "Targets": [
                                "00000000-0000-0000-0000-000000000241",
                                "00000000-0000-0000-0000-000001553539",
                                "00000000-0000-0000-0001-000000010241",
                                "00000000-0000-0000-0001-000000020241",
                                "00000000-0000-0000-0001-000000040241"
                            ]
                        }
                    },
                    "Status": {
                        "Health": "OK",
                        "State": "Enabled"
                    },
                    "Updateable": true,
                    "Version": "U59 v1.44 (07/31/2023)"
                },
                {
                    "@odata.context": "/redfish/v1/$metadata#SoftwareInventory.SoftwareInventory",
                    "@odata.id": "/redfish/v1/UpdateService/FirmwareInventory/3/",
                    "@odata.type": "#SoftwareInventory.v1_2_0.SoftwareInventory",
                    "Description": "PlatformDefinitionTable",
                    "Id": "3",
                    "Name": "Intelligent Platform Abstraction Data",
                    "Oem": {
                        "Hpe": {
                            "@odata.context": "/redfish/v1/$metadata#HpeiLOSoftwareInventory.HpeiLOSoftwareInventory",
                            "@odata.type": "#HpeiLOSoftwareInventory.v2_1_0.HpeiLOSoftwareInventory",
                            "DeviceClass": "b8f46d06-85db-465c-94fb-d106e61378ed",
                            "DeviceContext": "System Board",
                            "Targets": [
                                "00000000-0000-0000-0000-000000000241",
                                "00000000-0000-0000-0000-000001553539",
                                "00000000-0000-0000-0001-000000010241",
                                "00000000-0000-0000-0001-000000020241",
                                "00000000-0000-0000-0001-000000040241"
                            ]
                        }
                    },
                    "Updateable": true,
                    "Version": "6.1.0 Build 24"
                },
                {
                    "@odata.context": "/redfish/v1/$metadata#SoftwareInventory.SoftwareInventory",
                    "@odata.id": "/redfish/v1/UpdateService/FirmwareInventory/4/",
                    "@odata.type": "#SoftwareInventory.v1_2_0.SoftwareInventory",
                    "Description": "SystemProgrammableLogicDevice",
                    "Id": "4",
                    "Name": "System Programmable Logic Device",
                    "Oem": {
                        "Hpe": {
                            "@odata.context": "/redfish/v1/$metadata#HpeiLOSoftwareInventory.HpeiLOSoftwareInventory",
                            "@odata.type": "#HpeiLOSoftwareInventory.v2_1_0.HpeiLOSoftwareInventory",
                            "DeviceClass": "b1ad439a-9dd1-41c1-a496-2da9313f1f07",
                            "DeviceContext": "System Board",
                            "Targets": [
                                "00000000-0000-0000-0001-000000010241"
                            ]
                        }
                    },
                    "Status": {
                        "Health": "OK",
                        "State": "Enabled"
                    },
                    "Updateable": true,
                    "Version": "0x0C"
                },
                {
                    "@odata.context": "/redfish/v1/$metadata#SoftwareInventory.SoftwareInventory",
                    "@odata.id": "/redfish/v1/UpdateService/FirmwareInventory/5/",
                    "@odata.type": "#SoftwareInventory.v1_2_0.SoftwareInventory",
                    "Description": "SecondarySystemProgrammableLogicDevice",
                    "Id": "5",
                    "Name": "Secondary System Programmable Logic Device",
                    "Oem": {
                        "Hpe": {
                            "@odata.context": "/redfish/v1/$metadata#HpeiLOSoftwareInventory.HpeiLOSoftwareInventory",
                            "@odata.type": "#HpeiLOSoftwareInventory.v2_1_0.HpeiLOSoftwareInventory",
                            "DeviceClass": "b1ad439a-9dd1-41c1-a496-2da9313f1f07",
                            "DeviceContext": "System Board",
                            "Targets": [
                                "00000000-0000-0000-0001-000000020241"
                            ]
                        }
                    },
                    "Status": {
                        "Health": "OK",
                        "State": "Enabled"
                    },
                    "Updateable": true,
                    "Version": "0x0B"
                },
                {
                    "@odata.context": "/redfish/v1/$metadata#SoftwareInventory.SoftwareInventory",
                    "@odata.id": "/redfish/v1/UpdateService/FirmwareInventory/6/",
                    "@odata.type": "#SoftwareInventory.v1_2_0.SoftwareInventory",
                    "Description": "CpuMezzProgrammableLogicDevice",
                    "Id": "6",
                    "Name": "CPU MEZZ System Programmable Logic Device",
                    "Oem": {
                        "Hpe": {
                            "@odata.context": "/redfish/v1/$metadata#HpeiLOSoftwareInventory.HpeiLOSoftwareInventory",
                            "@odata.type": "#HpeiLOSoftwareInventory.v2_1_0.HpeiLOSoftwareInventory",
                            "DeviceClass": "b1ad439a-9dd1-41c1-a496-2da9313f1f07",
                            "DeviceContext": "System Board",
                            "Targets": [
                                "00000000-0000-0000-0001-000000040241"
                            ]
                        }
                    },
                    "Status": {
                        "Health": "OK",
                        "State": "Enabled"
                    },
                    "Updateable": true,
                    "Version": "0x0C"
                },
                {
                    "@odata.context": "/redfish/v1/$metadata#SoftwareInventory.SoftwareInventory",
                    "@odata.id": "/redfish/v1/UpdateService/FirmwareInventory/7/",
                    "@odata.type": "#SoftwareInventory.v1_2_0.SoftwareInventory",
                    "Description": "PowerSupplies",
                    "Id": "7",
                    "Name": "Power Supply Firmware",
                    "Oem": {
                        "Hpe": {
                            "@odata.context": "/redfish/v1/$metadata#HpeiLOSoftwareInventory.HpeiLOSoftwareInventory",
                            "@odata.type": "#HpeiLOSoftwareInventory.v2_1_0.HpeiLOSoftwareInventory",
                            "DeviceClass": "6bb86077-0275-4614-aae1-86618e8b1c27",
                            "DeviceContext": "Bay 1",
                            "Targets": [
                                "0202b505-0002-0000-0000-0cf38db966ea"
                            ]
                        }
                    },
                    "Updateable": true,
                    "Version": "2.00"
                },
                {
                    "@odata.context": "/redfish/v1/$metadata#SoftwareInventory.SoftwareInventory",
                    "@odata.id": "/redfish/v1/UpdateService/FirmwareInventory/8/",
                    "@odata.type": "#SoftwareInventory.v1_2_0.SoftwareInventory",
                    "Description": "SPSFirmwareVersionData",
                    "Id": "8",
                    "Name": "Server Platform Services (SPS) Firmware",
                    "Oem": {
                        "Hpe": {
                            "@odata.context": "/redfish/v1/$metadata#HpeiLOSoftwareInventory.HpeiLOSoftwareInventory",
                            "@odata.type": "#HpeiLOSoftwareInventory.v2_1_0.HpeiLOSoftwareInventory",
                            "DeviceClass": "b34e5677-21dc-45d3-872b-42f76fee9053",
                            "DeviceContext": "System Board",
                            "Targets": [
                                "00000000-0000-0000-0000-000000000241",
                                "a6b1a447-382a-5a4f-ffff-ffffffffffff",
                                "00000000-0000-0000-0001-000000010241",
                                "00000000-0000-0000-0001-000000020241",
                                "00000000-0000-0000-0001-000000040241"
                            ]
                        }
                    },
                    "Status": {
                        "Health": "OK",
                        "State": "Enabled"
                    },
                    "Updateable": true,
                    "Version": "6.0.4.75.0"
                },
                {
                    "@odata.context": "/redfish/v1/$metadata#SoftwareInventory.SoftwareInventory",
                    "@odata.id": "/redfish/v1/UpdateService/FirmwareInventory/9/",
                    "@odata.type": "#SoftwareInventory.v1_2_0.SoftwareInventory",
                    "Description": "SystemRomBackup",
                    "Id": "9",
                    "Name": "Redundant System ROM",
                    "Oem": {
                        "Hpe": {
                            "@odata.context": "/redfish/v1/$metadata#HpeiLOSoftwareInventory.HpeiLOSoftwareInventory",
                            "@odata.type": "#HpeiLOSoftwareInventory.v2_1_0.HpeiLOSoftwareInventory",
                            "DeviceClass": null,
                            "DeviceContext": "System Board"
                        }
                    },
                    "Updateable": true,
                    "Version": "U59 v1.36 (05/26/2023)"
                },
                {
                    "@odata.context": "/redfish/v1/$metadata#SoftwareInventory.SoftwareInventory",
                    "@odata.id": "/redfish/v1/UpdateService/FirmwareInventory/10/",
                    "@odata.type": "#SoftwareInventory.v1_2_0.SoftwareInventory",
                    "Description": "Intelligent Provisioning",
                    "Id": "10",
                    "Name": "Intelligent Provisioning",
                    "Oem": {
                        "Hpe": {
                            "@odata.context": "/redfish/v1/$metadata#HpeiLOSoftwareInventory.HpeiLOSoftwareInventory",
                            "@odata.type": "#HpeiLOSoftwareInventory.v2_1_0.HpeiLOSoftwareInventory",
                            "DeviceClass": "ac963eeb-ed78-4f36-c18c-29d85f34a0ac",
                            "DeviceContext": "System Board"
                        }
                    },
                    "Updateable": true,
                    "Version": "4.10.5"
                },
                {
                    "@odata.context": "/redfish/v1/$metadata#SoftwareInventory.SoftwareInventory",
                    "@odata.id": "/redfish/v1/UpdateService/FirmwareInventory/11/",
                    "@odata.type": "#SoftwareInventory.v1_2_0.SoftwareInventory",
                    "Description": "RiserCPLD",
                    "Id": "11",
                    "Name": "PCIe Riser 1 Programmable Logic Device",
                    "Oem": {
                        "Hpe": {
                            "@odata.context": "/redfish/v1/$metadata#HpeiLOSoftwareInventory.HpeiLOSoftwareInventory",
                            "@odata.type": "#HpeiLOSoftwareInventory.v2_1_0.HpeiLOSoftwareInventory",
                            "DeviceClass": null,
                            "DeviceContext": "System Board"
                        }
                    },
                    "Updateable": false,
                    "Version": "06"
                },
                {
                    "@odata.context": "/redfish/v1/$metadata#SoftwareInventory.SoftwareInventory",
                    "@odata.id": "/redfish/v1/UpdateService/FirmwareInventory/12/",
                    "@odata.type": "#SoftwareInventory.v1_2_0.SoftwareInventory",
                    "Description": "IntelCFR",
                    "Id": "12",
                    "Name": "Processor 1 S3M CFR Uncommitted RevID",
                    "Oem": {
                        "Hpe": {
                            "@odata.context": "/redfish/v1/$metadata#HpeiLOSoftwareInventory.HpeiLOSoftwareInventory",
                            "@odata.type": "#HpeiLOSoftwareInventory.v2_1_0.HpeiLOSoftwareInventory",
                            "DeviceClass": null,
                            "DeviceContext": "System Board"
                        }
                    },
                    "Updateable": false,
                    "Version": "0x0"
                },
                {
                    "@odata.context": "/redfish/v1/$metadata#SoftwareInventory.SoftwareInventory",
                    "@odata.id": "/redfish/v1/UpdateService/FirmwareInventory/13/",
                    "@odata.type": "#SoftwareInventory.v1_2_0.SoftwareInventory",
                    "Description": "IntelCFR",
                    "Id": "13",
                    "Name": "Processor 1 S3M CFR Committed RevID",
                    "Oem": {
                        "Hpe": {
                            "@odata.context": "/redfish/v1/$metadata#HpeiLOSoftwareInventory.HpeiLOSoftwareInventory",
                            "@odata.type": "#HpeiLOSoftwareInventory.v2_1_0.HpeiLOSoftwareInventory",
                            "DeviceClass": null,
                            "DeviceContext": "System Board"
                        }
                    },
                    "Updateable": false,
                    "Version": "0x1E"
                },
                {
                    "@odata.context": "/redfish/v1/$metadata#SoftwareInventory.SoftwareInventory",
                    "@odata.id": "/redfish/v1/UpdateService/FirmwareInventory/14/",
                    "@odata.type": "#SoftwareInventory.v1_2_0.SoftwareInventory",
                    "Description": "IntelCFR",
                    "Id": "14",
                    "Name": "Processor 1 PUcode CFR Uncommitted RevID",
                    "Oem": {
                        "Hpe": {
                            "@odata.context": "/redfish/v1/$metadata#HpeiLOSoftwareInventory.HpeiLOSoftwareInventory",
                            "@odata.type": "#HpeiLOSoftwareInventory.v2_1_0.HpeiLOSoftwareInventory",
                            "DeviceClass": null,
                            "DeviceContext": "System Board"
                        }
                    },
                    "Updateable": false,
                    "Version": "0x0"
                },
                {
                    "@odata.context": "/redfish/v1/$metadata#SoftwareInventory.SoftwareInventory",
                    "@odata.id": "/redfish/v1/UpdateService/FirmwareInventory/15/",
                    "@odata.type": "#SoftwareInventory.v1_2_0.SoftwareInventory",
                    "Description": "IntelCFR",
                    "Id": "15",
                    "Name": "Processor 1 PUcode CFR Committed RevID",
                    "Oem": {
                        "Hpe": {
                            "@odata.context": "/redfish/v1/$metadata#HpeiLOSoftwareInventory.HpeiLOSoftwareInventory",
                            "@odata.type": "#HpeiLOSoftwareInventory.v2_1_0.HpeiLOSoftwareInventory",
                            "DeviceClass": null,
                            "DeviceContext": "System Board"
                        }
                    },
                    "Updateable": false,
                    "Version": "0x19000070"
                },
                {
                    "@odata.context": "/redfish/v1/$metadata#SoftwareInventory.SoftwareInventory",
                    "@odata.id": "/redfish/v1/UpdateService/FirmwareInventory/16/",
                    "@odata.type": "#SoftwareInventory.v1_2_0.SoftwareInventory",
                    "Description": "IntelCFR",
                    "Id": "16",
                    "Name": "Processor 2 S3M CFR Uncommitted RevID",
                    "Oem": {
                        "Hpe": {
                            "@odata.context": "/redfish/v1/$metadata#HpeiLOSoftwareInventory.HpeiLOSoftwareInventory",
                            "@odata.type": "#HpeiLOSoftwareInventory.v2_1_0.HpeiLOSoftwareInventory",
                            "DeviceClass": null,
                            "DeviceContext": "System Board"
                        }
                    },
                    "Updateable": false,
                    "Version": "0x0"
                },
                {
                    "@odata.context": "/redfish/v1/$metadata#SoftwareInventory.SoftwareInventory",
                    "@odata.id": "/redfish/v1/UpdateService/FirmwareInventory/17/",
                    "@odata.type": "#SoftwareInventory.v1_2_0.SoftwareInventory",
                    "Description": "IntelCFR",
                    "Id": "17",
                    "Name": "Processor 2 S3M CFR Committed RevID",
                    "Oem": {
                        "Hpe": {
                            "@odata.context": "/redfish/v1/$metadata#HpeiLOSoftwareInventory.HpeiLOSoftwareInventory",
                            "@odata.type": "#HpeiLOSoftwareInventory.v2_1_0.HpeiLOSoftwareInventory",
                            "DeviceClass": null,
                            "DeviceContext": "System Board"
                        }
                    },
                    "Updateable": false,
                    "Version": "0x1E"
                },
                {
                    "@odata.context": "/redfish/v1/$metadata#SoftwareInventory.SoftwareInventory",
                    "@odata.id": "/redfish/v1/UpdateService/FirmwareInventory/18/",
                    "@odata.type": "#SoftwareInventory.v1_2_0.SoftwareInventory",
                    "Description": "IntelCFR",
                    "Id": "18",
                    "Name": "Processor 2 PUcode CFR Uncommitted RevID",
                    "Oem": {
                        "Hpe": {
                            "@odata.context": "/redfish/v1/$metadata#HpeiLOSoftwareInventory.HpeiLOSoftwareInventory",
                            "@odata.type": "#HpeiLOSoftwareInventory.v2_1_0.HpeiLOSoftwareInventory",
                            "DeviceClass": null,
                            "DeviceContext": "System Board"
                        }
                    },
                    "Updateable": false,
                    "Version": "0x0"
                },
                {
                    "@odata.context": "/redfish/v1/$metadata#SoftwareInventory.SoftwareInventory",
                    "@odata.id": "/redfish/v1/UpdateService/FirmwareInventory/19/",
                    "@odata.type": "#SoftwareInventory.v1_2_0.SoftwareInventory",
                    "Description": "IntelCFR",
                    "Id": "19",
                    "Name": "Processor 2 PUcode CFR Committed RevID",
                    "Oem": {
                        "Hpe": {
                            "@odata.context": "/redfish/v1/$metadata#HpeiLOSoftwareInventory.HpeiLOSoftwareInventory",
                            "@odata.type": "#HpeiLOSoftwareInventory.v2_1_0.HpeiLOSoftwareInventory",
                            "DeviceClass": null,
                            "DeviceContext": "System Board"
                        }
                    },
                    "Updateable": false,
                    "Version": "0x19000070"
                },
                {
                    "@odata.context": "/redfish/v1/$metadata#SoftwareInventory.SoftwareInventory",
                    "@odata.id": "/redfish/v1/UpdateService/FirmwareInventory/20/",
                    "@odata.type": "#SoftwareInventory.v1_2_0.SoftwareInventory",
                    "Description": "IntelCFR",
                    "Id": "20",
                    "Name": "Processor 3 S3M CFR Uncommitted RevID",
                    "Oem": {
                        "Hpe": {
                            "@odata.context": "/redfish/v1/$metadata#HpeiLOSoftwareInventory.HpeiLOSoftwareInventory",
                            "@odata.type": "#HpeiLOSoftwareInventory.v2_1_0.HpeiLOSoftwareInventory",
                            "DeviceClass": null,
                            "DeviceContext": "System Board"
                        }
                    },
                    "Updateable": false,
                    "Version": "0x0"
                },
                {
                    "@odata.context": "/redfish/v1/$metadata#SoftwareInventory.SoftwareInventory",
                    "@odata.id": "/redfish/v1/UpdateService/FirmwareInventory/21/",
                    "@odata.type": "#SoftwareInventory.v1_2_0.SoftwareInventory",
                    "Description": "IntelCFR",
                    "Id": "21",
                    "Name": "Processor 3 S3M CFR Committed RevID",
                    "Oem": {
                        "Hpe": {
                            "@odata.context": "/redfish/v1/$metadata#HpeiLOSoftwareInventory.HpeiLOSoftwareInventory",
                            "@odata.type": "#HpeiLOSoftwareInventory.v2_1_0.HpeiLOSoftwareInventory",
                            "DeviceClass": null,
                            "DeviceContext": "System Board"
                        }
                    },
                    "Updateable": false,
                    "Version": "0x1E"
                },
                {
                    "@odata.context": "/redfish/v1/$metadata#SoftwareInventory.SoftwareInventory",
                    "@odata.id": "/redfish/v1/UpdateService/FirmwareInventory/22/",
                    "@odata.type": "#SoftwareInventory.v1_2_0.SoftwareInventory",
                    "Description": "IntelCFR",
                    "Id": "22",
                    "Name": "Processor 3 PUcode CFR Uncommitted RevID",
                    "Oem": {
                        "Hpe": {
                            "@odata.context": "/redfish/v1/$metadata#HpeiLOSoftwareInventory.HpeiLOSoftwareInventory",
                            "@odata.type": "#HpeiLOSoftwareInventory.v2_1_0.HpeiLOSoftwareInventory",
                            "DeviceClass": null,
                            "DeviceContext": "System Board"
                        }
                    },
                    "Updateable": false,
                    "Version": "0x0"
                },
                {
                    "@odata.context": "/redfish/v1/$metadata#SoftwareInventory.SoftwareInventory",
                    "@odata.id": "/redfish/v1/UpdateService/FirmwareInventory/23/",
                    "@odata.type": "#SoftwareInventory.v1_2_0.SoftwareInventory",
                    "Description": "IntelCFR",
                    "Id": "23",
                    "Name": "Processor 3 PUcode CFR Committed RevID",
                    "Oem": {
                        "Hpe": {
                            "@odata.context": "/redfish/v1/$metadata#HpeiLOSoftwareInventory.HpeiLOSoftwareInventory",
                            "@odata.type": "#HpeiLOSoftwareInventory.v2_1_0.HpeiLOSoftwareInventory",
                            "DeviceClass": null,
                            "DeviceContext": "System Board"
                        }
                    },
                    "Updateable": false,
                    "Version": "0x19000070"
                },
                {
                    "@odata.context": "/redfish/v1/$metadata#SoftwareInventory.SoftwareInventory",
                    "@odata.id": "/redfish/v1/UpdateService/FirmwareInventory/24/",
                    "@odata.type": "#SoftwareInventory.v1_2_0.SoftwareInventory",
                    "Description": "IntelCFR",
                    "Id": "24",
                    "Name": "Processor 4 S3M CFR Uncommitted RevID",
                    "Oem": {
                        "Hpe": {
                            "@odata.context": "/redfish/v1/$metadata#HpeiLOSoftwareInventory.HpeiLOSoftwareInventory",
                            "@odata.type": "#HpeiLOSoftwareInventory.v2_1_0.HpeiLOSoftwareInventory",
                            "DeviceClass": null,
                            "DeviceContext": "System Board"
                        }
                    },
                    "Updateable": false,
                    "Version": "0x0"
                },
                {
                    "@odata.context": "/redfish/v1/$metadata#SoftwareInventory.SoftwareInventory",
                    "@odata.id": "/redfish/v1/UpdateService/FirmwareInventory/25/",
                    "@odata.type": "#SoftwareInventory.v1_2_0.SoftwareInventory",
                    "Description": "IntelCFR",
                    "Id": "25",
                    "Name": "Processor 4 S3M CFR Committed RevID",
                    "Oem": {
                        "Hpe": {
                            "@odata.context": "/redfish/v1/$metadata#HpeiLOSoftwareInventory.HpeiLOSoftwareInventory",
                            "@odata.type": "#HpeiLOSoftwareInventory.v2_1_0.HpeiLOSoftwareInventory",
                            "DeviceClass": null,
                            "DeviceContext": "System Board"
                        }
                    },
                    "Updateable": false,
                    "Version": "0x1E"
                },
                {
                    "@odata.context": "/redfish/v1/$metadata#SoftwareInventory.SoftwareInventory",
                    "@odata.id": "/redfish/v1/UpdateService/FirmwareInventory/26/",
                    "@odata.type": "#SoftwareInventory.v1_2_0.SoftwareInventory",
                    "Description": "IntelCFR",
                    "Id": "26",
                    "Name": "Processor 4 PUcode CFR Uncommitted RevID",
                    "Oem": {
                        "Hpe": {
                            "@odata.context": "/redfish/v1/$metadata#HpeiLOSoftwareInventory.HpeiLOSoftwareInventory",
                            "@odata.type": "#HpeiLOSoftwareInventory.v2_1_0.HpeiLOSoftwareInventory",
                            "DeviceClass": null,
                            "DeviceContext": "System Board"
                        }
                    },
                    "Updateable": false,
                    "Version": "0x0"
                },
                {
                    "@odata.context": "/redfish/v1/$metadata#SoftwareInventory.SoftwareInventory",
                    "@odata.id": "/redfish/v1/UpdateService/FirmwareInventory/27/",
                    "@odata.type": "#SoftwareInventory.v1_2_0.SoftwareInventory",
                    "Description": "IntelCFR",
                    "Id": "27",
                    "Name": "Processor 4 PUcode CFR Committed RevID",
                    "Oem": {
                        "Hpe": {
                            "@odata.context": "/redfish/v1/$metadata#HpeiLOSoftwareInventory.HpeiLOSoftwareInventory",
                            "@odata.type": "#HpeiLOSoftwareInventory.v2_1_0.HpeiLOSoftwareInventory",
                            "DeviceClass": null,
                            "DeviceContext": "System Board"
                        }
                    },
                    "Updateable": false,
                    "Version": "0x19000070"
                },
                {
                    "@odata.context": "/redfish/v1/$metadata#SoftwareInventory.SoftwareInventory",
                    "@odata.id": "/redfish/v1/UpdateService/FirmwareInventory/28/",
                    "@odata.type": "#SoftwareInventory.v1_2_0.SoftwareInventory",
                    "Description": "TrustedPlatformModule20",
                    "Id": "28",
                    "Name": "TPM Firmware",
                    "Oem": {
                        "Hpe": {
                            "@odata.context": "/redfish/v1/$metadata#HpeiLOSoftwareInventory.HpeiLOSoftwareInventory",
                            "@odata.type": "#HpeiLOSoftwareInventory.v2_1_0.HpeiLOSoftwareInventory",
                            "DeviceClass": "fcbe6477-5c25-4488-b197-695bb8123b11",
                            "DeviceContext": "System Board",
                            "Targets": [
                                "1118c237-4924-4fb4-a6d0-1402ac4e2c05"
                            ]
                        }
                    },
                    "Updateable": false,
                    "Version": "1.512"
                },
                {
                    "@odata.context": "/redfish/v1/$metadata#SoftwareInventory.SoftwareInventory",
                    "@odata.id": "/redfish/v1/UpdateService/FirmwareInventory/29/",
                    "@odata.type": "#SoftwareInventory.v1_2_0.SoftwareInventory",
                    "Description": "102b0538159000e4",
                    "Id": "29",
                    "Name": "Embedded Video Controller",
                    "Oem": {
                        "Hpe": {
                            "@odata.context": "/redfish/v1/$metadata#HpeiLOSoftwareInventory.HpeiLOSoftwareInventory",
                            "@odata.type": "#HpeiLOSoftwareInventory.v2_1_0.HpeiLOSoftwareInventory",
                            "DeviceClass": null,
                            "DeviceContext": "Embedded Device",
                            "DeviceInstance": "PciRoot(0x0)/Pci(0xD,0x0)/Pci(0x0,0x1)",
                            "Targets": [
                                "a6b1a447-382a-5a4f-102b-0538159000e4"
                            ]
                        }
                    },
                    "Updateable": false,
                    "Version": "2.5"
                },
                {
                    "@odata.context": "/redfish/v1/$metadata#SoftwareInventory.SoftwareInventory",
                    "@odata.id": "/redfish/v1/UpdateService/FirmwareInventory/30/",
                    "@odata.type": "#SoftwareInventory.v1_2_0.SoftwareInventory",
                    "Description": "VO001920LYDTT",
                    "Id": "30",
                    "Name": "NVMe Drive",
                    "Oem": {
                        "Hpe": {
                            "@odata.context": "/redfish/v1/$metadata#HpeiLOSoftwareInventory.HpeiLOSoftwareInventory",
                            "@odata.type": "#HpeiLOSoftwareInventory.v2_1_0.HpeiLOSoftwareInventory",
                            "DeviceClass": "f6de0320-2e0f-489a-b238-6dd8ae7c3811",
                            "DeviceContext": "Embedded:Port=2B:Box=2:Bay=2",
                            "Targets": [
                                "562340a5-304f-3130-3932-304c59445454"
                            ]
                        }
                    },
                    "Updateable": false,
                    "Version": "HP01"
                },
                {
                    "@odata.context": "/redfish/v1/$metadata#SoftwareInventory.SoftwareInventory",
                    "@odata.id": "/redfish/v1/UpdateService/FirmwareInventory/31/",
                    "@odata.type": "#SoftwareInventory.v1_2_0.SoftwareInventory",
                    "Description": "VO001920LYDTT",
                    "Id": "31",
                    "Name": "NVMe Drive",
                    "Oem": {
                        "Hpe": {
                            "@odata.context": "/redfish/v1/$metadata#HpeiLOSoftwareInventory.HpeiLOSoftwareInventory",
                            "@odata.type": "#HpeiLOSoftwareInventory.v2_1_0.HpeiLOSoftwareInventory",
                            "DeviceClass": "f6de0320-2e0f-489a-b238-6dd8ae7c3811",
                            "DeviceContext": "Embedded:Port=2B:Box=2:Bay=1",
                            "Targets": [
                                "562340a5-304f-3130-3932-304c59445454"
                            ]
                        }
                    },
                    "Updateable": false,
                    "Version": "HP01"
                },
                {
                    "@odata.context": "/redfish/v1/$metadata#SoftwareInventory.SoftwareInventory",
                    "@odata.id": "/redfish/v1/UpdateService/FirmwareInventory/32/",
                    "@odata.type": "#SoftwareInventory.v1_2_0.SoftwareInventory",
                    "Description": "Universal Backplane Manager",
                    "Id": "32",
                    "Name": "12 E3S 32G x4NVMe UBM5 EC BP",
                    "Oem": {
                        "Hpe": {
                            "@odata.context": "/redfish/v1/$metadata#HpeiLOSoftwareInventory.HpeiLOSoftwareInventory",
                            "@odata.type": "#HpeiLOSoftwareInventory.v2_1_0.HpeiLOSoftwareInventory",
                            "DeviceClass": "4149ebb7-d64b-4654-b679-4280f349ea50",
                            "DeviceContext": "Embedded:Port=2B:Box=2",
                            "Targets": [
                                "9675b54e-1c96-44c3-a7a1-901505000000"
                            ]
                        }
                    },
                    "Updateable": true,
                    "Version": "1.06"
                },
                {
                    "@odata.context": "/redfish/v1/$metadata#SoftwareInventory.SoftwareInventory",
                    "@odata.id": "/redfish/v1/UpdateService/FirmwareInventory/33/",
                    "@odata.type": "#SoftwareInventory.v1_2_0.SoftwareInventory",
                    "Description": "Universal Backplane Manager",
                    "Id": "33",
                    "Name": "12 E3S 32G x4NVMe UBM5 EC BP",
                    "Oem": {
                        "Hpe": {
                            "@odata.context": "/redfish/v1/$metadata#HpeiLOSoftwareInventory.HpeiLOSoftwareInventory",
                            "@odata.type": "#HpeiLOSoftwareInventory.v2_1_0.HpeiLOSoftwareInventory",
                            "DeviceClass": "4149ebb7-d64b-4654-b679-4280f349ea50",
                            "DeviceContext": "Embedded:Port=3B:Box=2",
                            "Targets": [
                                "9675b54e-1c96-44c3-a7a1-901505000000"
                            ]
                        }
                    },
                    "Updateable": true,
                    "Version": "1.06"
                },
                {
                    "@odata.context": "/redfish/v1/$metadata#SoftwareInventory.SoftwareInventory",
                    "@odata.id": "/redfish/v1/UpdateService/FirmwareInventory/34/",
                    "@odata.type": "#SoftwareInventory.v1_2_0.SoftwareInventory",
                    "Description": "Universal Backplane Manager",
                    "Id": "34",
                    "Name": "12 E3S 32G x4NVMe UBM5 EC BP",
                    "Oem": {
                        "Hpe": {
                            "@odata.context": "/redfish/v1/$metadata#HpeiLOSoftwareInventory.HpeiLOSoftwareInventory",
                            "@odata.type": "#HpeiLOSoftwareInventory.v2_1_0.HpeiLOSoftwareInventory",
                            "DeviceClass": "4149ebb7-d64b-4654-b679-4280f349ea50",
                            "DeviceContext": "Embedded:Port=4B:Box=2",
                            "Targets": [
                                "9675b54e-1c96-44c3-a7a1-901505000000"
                            ]
                        }
                    },
                    "Updateable": false,
                    "Version": "1.06"
                }
            ],
            "sw_inventory": [
            ]
        },
        "software": false,
        "update_type": "offline",
        "UpdateFWPKG": true
    }
}